PC Name,No,Type,State,Winning Candidate,Party,Electors,Votes,Turnout,Margin,Margin %
Adilabad,1,ST,Telangana,Soyam Bapu Rao,Bharatiya Janta Party,"13,82,837","10,63,730",0.779,58560,0.055
Agra,18,SC,Uttar Pradesh [2000 Onwards],Satyapal Singh Baghel,Bharatiya Janta Party,"18,66,262","11,45,323",0.617,"2,11,546",0.185
Ahmadnagar,37,GEN,Maharashtra,Dr. Sujay Radhakrishna Vikhepatil,Bharatiya Janta Party,"17,93,677","12,03,797",0.673,"2,81,474",0.234
Ahmedabad East,7,GEN,Gujarat,Patel Hasmukhbhai Somabhai,Bharatiya Janta Party,"17,13,598","11,16,367",0.657,"4,34,330",0.389
Ahmedabad West,8,SC,Gujarat,Dr. Kirit P. Solanki,Bharatiya Janta Party,"15,80,673","9,97,024",0.64,"3,21,546",0.323
Ajmer,13,GEN,Rajasthan,Bhagirath Chaudhary,Bharatiya Janta Party,"18,44,532","12,62,214",0.69,"4,16,424",0.33
Akbarpur,44,GEN,Uttar Pradesh [2000 Onwards],Devendra Singh 'bhole',Bharatiya Janta Party,"17,14,490","10,25,314",0.603,"2,75,142",0.268
Akola,6,GEN,Maharashtra,Dhotre Sanjay Shamrao,Bharatiya Janta Party,"17,57,645","11,19,440",0.642,"2,75,596",0.246
Alappuzha,15,GEN,Kerala,Adv. A M Ariff,Communist Party Of India (Marxist),"12,98,061","10,88,728",0.843,10474,0.01
Alathur,9,SC,Kerala,Ramya Haridas,Indian National Congress,"12,19,063","10,18,743",0.842,"1,58,968",0.156
Aligarh,15,GEN,Uttar Pradesh [2000 Onwards],Satish Kumar Gautam,Bharatiya Janta Party,"18,47,005","11,63,184",0.633,"2,29,261",0.197
Alipurduars,2,ST,West Bengal,John Barla,Bharatiya Janta Party,"15,27,563","13,80,217",0.917,"2,43,989",0.177
Allahabad,52,GEN,Uttar Pradesh [2000 Onwards],Rita Bahuguna Joshi,Bharatiya Janta Party,"16,79,883","8,89,056",0.534,"1,84,275",0.207
Almora,3,SC,Uttarakhand,Ajay Tamta,Bharatiya Janta Party,"12,87,611","6,94,472",0.551,"2,32,986",0.335
Alwar,8,GEN,Rajasthan,Balak Nath,Bharatiya Janta Party,"20,59,180","12,65,674",0.617,"3,29,971",0.261
Amalapuram,7,,Andhra Pradesh [2014 Onwards],Chinta Anuradha,Yuvajana Sramika Rythu Congress Party,"11,56,280","12,32,895",1.081,39795,0.032
Ambala,1,SC,Haryana,Rattan Lal Kataria,Bharatiya Janta Party,"17,57,524","13,16,235",0.753,"3,42,345",0.26
Ambedkar Nagar,55,GEN,Uttar Pradesh [2000 Onwards],Ritesh Pandey,Bahujan Samaj Party,"17,44,287","10,90,152",0.632,95880,0.088
Amethi,37,GEN,Uttar Pradesh [2000 Onwards],Smriti Irani,Bharatiya Janta Party,"17,03,510","9,42,453",0.556,55120,0.058
Amravati,7,SC,Maharashtra,Navnit Ravi Rana,Independent,"17,52,097","11,12,385",0.638,36951,0.033
Amreli,14,GEN,Gujarat,Kachhadiya Naranbhai Bhikhabhai,Bharatiya Janta Party,"16,02,346","9,09,167",0.578,"2,01,431",0.222
Amritsar,2,GEN,Punjab,Gurjeet Singh Aujla,Indian National Congress,"14,68,972","8,59,513",0.591,99626,0.116
Amroha,9,GEN,Uttar Pradesh [2000 Onwards],Kunwar Danish Ali,Bahujan Samaj Party,"15,96,897","11,69,182",0.736,63248,0.054
Anakapalli,5,,Andhra Pradesh [2014 Onwards],Dr.Beesetti Venkata Satyavathi,Yuvajana Sramika Rythu Congress Party,"13,97,335","12,38,491",0.911,89192,0.072
Anand,16,GEN,Gujarat,Patel Mitesh Rameshbhai (BAKABHAI),Bharatiya Janta Party,"16,14,307","11,08,661",0.698,"1,97,718",0.178
Anandpur Sahib,6,GEN,Punjab,Manish Tewari,Indian National Congress,"16,48,822","10,81,727",0.667,46884,0.043
Anantapur,19,,Andhra Pradesh [2014 Onwards],Talari Rangaiah,Yuvajana Sramika Rythu Congress Party,"14,89,758","13,42,306",0.912,"1,41,428",0.105
Anantnag,3,,Jammu & Kashmir,Hasnain Masoodi,Jammu & Kashmir National Conference,"13,01,023","1,24,896",0.097,6676,0.053
Andaman And Nicobar Islands,1,GEN,Andaman & Nicobar Islands,Kuldeep Rai Sharma,Indian National Congress,"2,69,360","2,07,296",0.775,1407,0.007
Aonla,24,GEN,Uttar Pradesh [2000 Onwards],Dharmendra Kashyap,Bharatiya Janta Party,"17,50,190","10,52,795",0.607,"1,13,743",0.108
Arakkonam,7,GEN,Tamil Nadu,S. Jagathrakshakan,Dravida Munetra Kazhagam,"14,61,110","11,78,060",0.815,"3,28,956",0.279
Arambagh,29,SC,West Bengal,Aparupa Poddar (AFRIN ALI),All India Trinamool Congress,"16,31,133","14,71,981",0.915,1142,0.001
Arani,12,GEN,Tamil Nadu,Vishnu Prasad M K,Indian National Congress,"14,07,725","11,43,907",0.825,"2,30,806",0.202
Araria,9,GEN,Bihar [2000 Onwards],Pradeep Kumar Singh,Bharatiya Janta Party,"14,69,717","11,69,630",0.81,"1,37,241",0.117
Arrah,32,GEN,Bihar [2000 Onwards],R. K. Singh,Bharatiya Janta Party,"20,55,316","10,80,684",0.536,"1,47,285",0.136
Aruku,1,,Andhra Pradesh [2014 Onwards],Goddeti. Madhavi,Yuvajana Sramika Rythu Congress Party,"13,58,657","10,74,538",0.826,"2,24,089",0.209
Arunachal East,2,GENP,Arunachal Pradesh,Tapir Gao,Bharatiya Janta Party,"3,35,682","2,93,781",0.892,69948,0.238
Arunachal West,1,GENP,Arunachal Pradesh,Kiren Rijiju,Bharatiya Janta Party,"4,58,680","3,58,310",0.785,"1,74,843",0.488
Asansol,40,GEN,West Bengal,Babul Supriyo,Bharatiya Janta Party,"17,70,467","12,38,135",0.708,"1,97,637",0.16
Aska,19,GEN,Orissa,Pramila Bisoyi,Biju Janata Dal,"14,94,153","10,13,862",0.69,"2,04,707",0.202
Attingal,19,GEN,Kerala,Adv. Adoor Prakash,Indian National Congress,"13,13,675","10,04,888",0.769,38247,0.038
Aurangabad,19,GEN,Maharashtra,Imtiaz Jaleel Syed,All India Majlis-E-Ittehadul Muslimeen,"17,62,823","11,98,221",0.683,4492,0.004
Aurangabad,37,GEN,Bihar [2000 Onwards],Sushil Kumar Singh,Bharatiya Janta Party,"17,37,821","9,41,595",0.555,72607,0.077
Autonomous District,3,ST,Assam,Horen Sing Bey,Bharatiya Janta Party,"7,61,744","6,17,735",0.822,"2,39,626",0.388
Azamgarh,69,GEN,Uttar Pradesh [2000 Onwards],Akhilesh Yadav,Samajwadi Party,"17,73,820","10,29,112",0.584,"2,59,874",0.253
Badaun,23,GEN,Uttar Pradesh [2000 Onwards],Dr. Sanghmitra Maurya,Bharatiya Janta Party,"21,99,914","10,81,108",0.495,18454,0.017
Bagalkot,3,GEN,Karnataka,Gaddigoudar Parvatagouda Chandanagouda,Bharatiya Janta Party,"16,88,394","12,04,613",0.72,"1,68,187",0.14
Baghpat,11,GEN,Uttar Pradesh [2000 Onwards],Dr. Satyapal Singh,Bharatiya Janta Party,"15,58,020","10,44,894",0.674,23502,0.022
Baharampur,10,GEN,West Bengal,Adhir Ranjan Chowdhury,Indian National Congress,"17,46,812","12,99,997",0.752,80696,0.062
Bahraich,56,SC,Uttar Pradesh [2000 Onwards],Akshaibar Lal,Bharatiya Janta Party,"16,86,646","9,89,848",0.595,"1,28,752",0.13
Balaghat,15,GEN,Madhya Pradesh [2000 Onwards],Dr Dhal Singh Bisen,Bharatiya Janta Party,"17,25,505","13,72,018",0.798,"2,42,066",0.176
Balasore,6,GEN,Orissa,Pratap Chandra Sarangi,Bharatiya Janta Party,"14,71,650","11,57,871",0.792,12956,0.011
Ballia,72,GEN,Uttar Pradesh [2000 Onwards],Virendra Singh,Bharatiya Janta Party,"17,92,821","9,89,732",0.557,15519,0.016
Balurghat,6,GEN,West Bengal,Sukanta Majumdar,Bharatiya Janta Party,"15,43,162","11,97,849",0.785,33293,0.028
Banaskantha,2,GEN,Gujarat,Parbatbhai Savabhai Patel,Bharatiya Janta Party,"15,12,076","11,02,081",0.737,"3,68,296",0.334
Banda,48,GEN,Uttar Pradesh [2000 Onwards],R.K. Singh Patel,Bharatiya Janta Party,"16,59,357","10,34,549",0.635,58938,0.057
Bangalore Cent,25,GEN,Karnataka,P. C. Mohan,Bharatiya Janta Party,"21,65,307","11,97,234",0.558,70968,0.059
Bangalore Nort,24,GEN,Karnataka,D.V. Sadananda Gowda,Bharatiya Janta Party,"28,19,424","15,59,459",0.557,"1,47,518",0.095
Bangalore Rura,23,GEN,Karnataka,D.K. Suresh,Indian National Congress,"16,01,076","16,21,906",1.021,"2,06,870",0.128
Bangalore Sout,26,GEN,Karnataka,Tejasvi Surya,Bharatiya Janta Party,"21,75,375","11,88,491",0.551,"3,31,192",0.279
Bangaon,14,SC,West Bengal,Shantanu Thakur,Bharatiya Janta Party,"16,18,541","14,07,758",0.874,"1,11,594",0.079
Banka,27,GEN,Bihar [2000 Onwards],Giridhari Yadav,Janata Dal (United),"16,87,940","9,95,806",0.594,"2,00,532",0.201
Bankura,36,GEN,West Bengal,Dr. Subhas Sarkar,Bharatiya Janta Party,"17,70,248","13,71,855",0.783,"1,74,333",0.127
Bansgaon,67,SC,Uttar Pradesh [2000 Onwards],Kamlesh Paswan,Bharatiya Janta Party,"17,48,683","9,69,136",0.562,"1,53,468",0.158
Banswara,20,ST,Rajasthan,Kanakmal Katara,Bharatiya Janta Party,"19,20,325","14,39,671",0.765,"3,05,464",0.212
Bapatla,15,,Andhra Pradesh [2014 Onwards],Nandigam Suresh,Yuvajana Sramika Rythu Congress Party,"13,61,646","12,66,492",0.94,16065,0.013
Barabanki,53,SC,Uttar Pradesh [2000 Onwards],Upendra Singh Rawat,Bharatiya Janta Party,"17,62,832","11,55,341",0.66,"1,10,140",0.095
Baramati,35,GEN,Maharashtra,Supriya Sule,Nationalist Congress Party,"20,25,795","13,04,728",0.648,"1,55,774",0.119
Baramulla,1,,Jammu & Kashmir,Mohammad Akbar Lone,Jammu & Kashmir National Conference,"11,90,745","4,55,550",0.389,30233,0.066
Barasat,17,GEN,West Bengal,Dr. Kakoli Ghoshdastidar,All India Trinamool Congress,"18,82,204","13,94,766",0.751,"1,09,983",0.079
Bardhaman Purb,38,SC,West Bengal,Sunil Kumar Mondal,All India Trinamool Congress,"18,36,635","14,39,286",0.79,89311,0.062
Bardoli,23,ST,Gujarat,Parbhubhai Nagarbhai Vasava,Bharatiya Janta Party,"17,79,851","13,48,038",0.77,"2,15,447",0.16
Bareilly,25,GEN,Uttar Pradesh [2000 Onwards],Santosh Kumar Gangwar,Bharatiya Janta Party,"17,60,865","10,68,342",0.609,"1,67,282",0.157
Bargarh,1,GEN,Orissa,Suresh Pujari,Bharatiya Janta Party,"15,30,044","12,47,912",0.825,63939,0.051
Barmer,17,GEN,Rajasthan,Kailash Choudhary,Bharatiya Janta Party,"23,20,339","14,22,271",0.621,"3,23,808",0.228
Barpeta,6,GEN,Assam,Abdul Khaleque,Indian National Congress,"14,49,560","14,58,549",1.013,"1,40,307",0.096
Barrackpore,15,GEN,West Bengal,Arjun Singh,Bharatiya Janta Party,"15,51,157","11,04,517",0.72,14857,0.013
Basirhat,18,GEN,West Bengal,Nusrat Jahan Ruhi,All India Trinamool Congress,"18,33,511","14,33,339",0.787,"3,50,369",0.244
Bastar,10,ST,Chhattisgarh,Deepak Baij,Indian National Congress,"13,57,443","9,12,846",0.703,38982,0.043
Basti,61,GEN,Uttar Pradesh [2000 Onwards],Harish Chandra Alias Harish Dwivedi,Bharatiya Janta Party,"18,39,900","10,54,539",0.579,30354,0.029
Bathinda,11,GEN,Punjab,Harsimrat Kaur Badal,Shiromani Akali Dal,"15,89,895","12,00,810",0.764,21772,0.018
Beed,39,GEN,Maharashtra,Pritam Gopinathrao Munde,Bharatiya Janta Party,"16,21,102","13,52,399",0.836,"1,68,368",0.124
Begusarai,24,GEN,Bihar [2000 Onwards],Giriraj Singh,Bharatiya Janta Party,"19,42,769","12,25,594",0.641,"4,22,217",0.344
Belgaum,2,GEN,Karnataka,Angadi Suresh Channabasappa,Bharatiya Janta Party,"17,49,746","12,05,229",0.691,"3,91,304",0.325
Bellary,9,ST,Karnataka,Y. Devendrappa,Bharatiya Janta Party,"17,13,330","12,21,926",0.719,55707,0.046
Berhampur,20,GEN,Orissa,Chandra Sekhar Sahu,Biju Janata Dal,"14,33,671","9,89,910",0.701,94844,0.096
Betul,29,ST,Madhya Pradesh [2000 Onwards],Durga Das (D.D.) UIKEY,Bharatiya Janta Party,"17,02,517","13,57,857",0.811,"3,60,241",0.265
Bhadohi,78,GEN,Uttar Pradesh [2000 Onwards],Ramesh Chand,Bharatiya Janta Party,"18,86,673","10,39,390",0.556,43615,0.042
Bhadrak,7,SC,Orissa,Manjulata Mandal,Biju Janata Dal,"15,83,464","12,23,754",0.777,28803,0.024
Bhagalpur,26,GEN,Bihar [2000 Onwards],Ajay Kumar Mandal,Janata Dal (United),"18,11,980","10,42,518",0.593,"2,77,630",0.266
Bhandara - Gon,11,GEN,Maharashtra,Sunil Baburao Mendhe,Bharatiya Janta Party,"17,56,518","12,44,931",0.715,"1,97,394",0.159
Bharatpur,9,SC,Rajasthan,Ranjeeta Koli,Bharatiya Janta Party,"18,97,465","11,46,797",0.607,"3,18,399",0.278
Bharuch,22,GEN,Gujarat,Mansukhbhai Dhanjibhai Vasava,Bharatiya Janta Party,"15,22,113","11,49,725",0.76,"3,34,214",0.291
Bhavnagar,15,GEN,Gujarat,Dr.Bharatiben Dhirubhai Shiyal,Bharatiya Janta Party,"17,34,124","10,41,279",0.61,"3,29,519",0.316
Bhilwara,23,GEN,Rajasthan,Subhash Chandra Baheria,Bharatiya Janta Party,"19,58,631","13,10,513",0.678,"6,12,000",0.467
Bhind,2,SC,Madhya Pradesh [2000 Onwards],Sandhya Ray,Bharatiya Janta Party,"17,11,977","9,60,687",0.564,"1,99,885",0.208
Bhiwandi,23,GEN,Maharashtra,Kapil Moreshwar Patil,Bharatiya Janta Party,"17,85,952","10,05,172",0.572,"1,56,329",0.156
Bhiwani-Mahend,8,GEN,Haryana,Dharambir Singh S/o Bhale Ram,Bharatiya Janta Party,"15,66,494","11,61,115",0.743,"4,44,463",0.383
Bhongir,14,GEN,Telangana,Komati Reddy Venkat Reddy,Indian National Congress,"15,44,683","12,12,631",0.793,5219,0.004
Bhopal,19,GEN,Madhya Pradesh [2000 Onwards],Sadhvi Pragya Singh Thakur,Bharatiya Janta Party,"20,75,376","14,07,954",0.681,"3,64,822",0.259
Bhubaneswar,18,GEN,Orissa,Aparajita Sarangi,Bharatiya Janta Party,"16,00,900","10,05,215",0.632,23839,0.024
Bidar,7,GEN,Karnataka,Bhagwanth Khuba,Bharatiya Janta Party,"17,40,232","11,17,167",0.643,"1,16,834",0.105
Bijapur,4,SC,Karnataka,Jigajinagi Ramesh Chandappa,Bharatiya Janta Party,"17,77,109","11,11,354",0.632,"2,58,038",0.232
Bijnor,4,GEN,Uttar Pradesh [2000 Onwards],Malook Nagar,Bahujan Samaj Party,"16,19,514","11,00,763",0.682,69941,0.064
Bikaner,2,SC,Rajasthan,Arjun Ram Meghwal,Bharatiya Janta Party,"17,93,022","10,99,598",0.621,"2,64,081",0.24
Bilaspur,5,GEN,Chhattisgarh,Arun Sao,Bharatiya Janta Party,"18,11,606","12,09,434",0.67,"1,41,763",0.117
Birbhum,42,GEN,West Bengal,Satabdi Roy,All India Trinamool Congress,"15,87,802","14,49,423",0.921,88924,0.061
Bishnupur,37,SC,West Bengal,Khan Saumitra,Bharatiya Janta Party,"17,40,964","14,20,648",0.824,78047,0.055
Bolangir,10,GEN,Orissa,Sangeeta Kumari Singh Deo,Bharatiya Janta Party,"16,77,774","13,06,705",0.788,19516,0.015
Bolpur,41,SC,West Bengal,Asit Kumar Mal,All India Trinamool Congress,"18,64,137","14,61,269",0.791,"1,06,402",0.073
Bulandshahr,14,SC,Uttar Pradesh [2000 Onwards],Bhola Singh,Bharatiya Janta Party,"17,59,305","11,23,629",0.642,"2,90,057",0.258
Buldhana,5,GEN,Maharashtra,Jadhav Prataprao Ganpatrao,Shiv Sena,"19,77,994","11,20,359",0.57,"1,33,287",0.119
Burdwan - Durg,39,GEN,West Bengal,S.S Ahluwalia,Bharatiya Janta Party,"19,05,750","14,33,007",0.762,2439,0.002
Buxar,33,GEN,Bihar [2000 Onwards],Ashwini Kumar Choubey,Bharatiya Janta Party,"18,06,004","9,86,861",0.556,"1,17,609",0.119
Chalakudy,11,GEN,Kerala,Benny Behanan,Indian National Congress,"11,63,476","9,90,224",0.858,"1,32,274",0.134
Chamarajanagar,22,SC,Karnataka,V. Srinivas Prasad,Bharatiya Janta Party,"16,69,209","12,70,658",0.769,1817,0.001
Chandauli,76,GEN,Uttar Pradesh [2000 Onwards],Dr. Mahendra Nath Pandey,Bharatiya Janta Party,"16,96,059","10,84,961",0.646,13959,0.013
Chandigarh,1,GEN,Chandigarh,Kirron Kher,Bharatiya Janta Party,"6,15,214","4,56,568",0.749,46970,0.103
Chandni Chowk,1,GEN,Delhi [1977 Onwards],"Patni, Nitai Chand",Bharatiya Janta Party,"14,47,228","9,80,390",0.681,"2,28,145",0.233
Chandrapur,13,GEN,Maharashtra,Balubhau Alias Suresh Narayan Dhanorkar,Indian National Congress,"18,46,431","12,38,474",0.677,44763,0.036
Chatra,4,GEN,Jharkhand,Sunil Kumar Singh,Bharatiya Janta Party,"13,75,612","9,25,937",0.679,"3,77,871",0.408
Chelvella,10,GEN,Telangana,Dr. G. Ranjith Reddy,Telangana Rashtra Samithi,"23,02,163","13,00,194",0.569,14317,0.011
Chennai Centra,4,GEN,Tamil Nadu,Dayanidhi Maran,Dravida Munetra Kazhagam,"13,16,388","7,85,450",0.607,"3,01,520",0.384
Chennai North,2,GEN,Tamil Nadu,Dr. Kalanidhi Veeraswamy,Dravida Munetra Kazhagam,"14,44,753","9,55,545",0.672,"4,61,518",0.483
Chennai South,3,GEN,Tamil Nadu,T.Sumathy (A) THAMIZHACHI THANGAPANDIAN,Dravida Munetra Kazhagam,"19,16,378","11,25,857",0.596,"2,62,223",0.233
Chhindwara,16,GEN,Madhya Pradesh [2000 Onwards],Nakul Kamal Nath,Indian National Congress,"14,80,503","12,48,031",0.857,37536,0.03
Chhota Udaipur,21,ST,Gujarat,Rathva Gitaben Vajesingbhai,Bharatiya Janta Party,"14,33,397","12,32,459",0.883,"3,77,943",0.307
Chidambaram,27,SC,Tamil Nadu,Thirumaavalavan Thol,Viduthalai Chiruthaigal Katchi,"14,59,769","11,53,192",0.801,3219,0.003
Chikkballapur,27,GEN,Karnataka,B.N.Bache Gowda,Bharatiya Janta Party,"18,04,143","13,86,963",0.773,"1,82,110",0.131
Chikkodi,1,GEN,Karnataka,Annasaheb Shankar Jolle,Bharatiya Janta Party,"15,74,203","12,17,549",0.78,"1,18,877",0.098
Chitradurga,18,SC,Karnataka,A Narayanaswamy,Bharatiya Janta Party,"17,36,643","12,45,950",0.72,80178,0.064
Chittoor,25,,Andhra Pradesh [2014 Onwards],N. Reddeppa,Yuvajana Sramika Rythu Congress Party,"14,30,405","13,19,472",0.937,"1,37,271",0.104
Chittorgarh,21,GEN,Rajasthan,Chandra Prakash Joshi,Bharatiya Janta Party,"19,82,095","14,58,760",0.745,"5,76,247",0.395
Churu,3,GEN,Rajasthan,Rahul Kaswan,Bharatiya Janta Party,"19,62,475","13,28,422",0.682,"3,34,402",0.252
Coimbatore,20,GEN,Tamil Nadu,Natarajan. P.R,Communist Party Of India (Marxist),"19,09,712","12,50,885",0.667,"1,79,143",0.143
Cooch Behar,1,SC,West Bengal,Nisith Pramanik,Bharatiya Janta Party,"16,87,773","15,24,683",0.912,54231,0.036
Cuddalore,26,GEN,Tamil Nadu,T. R. V .S. Ramesh,Dravida Munetra Kazhagam,"13,42,320","10,43,202",0.784,"1,43,983",0.138
Cuttack,14,GEN,Orissa,Bhartruhari Mahtab,Biju Janata Dal,"14,60,895","10,59,490",0.73,"1,21,201",0.114
Dadra And Nagar Haveli,1,GEN,Dadra & Nagar Haveli,Delkar Mohanbhai Sanjibhai,Independent,"1,96,617","1,98,983",1.027,9001,0.045
Dahod,19,ST,Gujarat,Jashvantsinh Sumanbhai Bhabhor,Bharatiya Janta Party,"15,42,941","10,63,212",0.71,"1,27,596",0.12
Dakshina Kanna,17,GEN,Karnataka,Nalin Kumar Kateel,Bharatiya Janta Party,"16,98,859","13,45,039",0.796,"2,74,621",0.204
Daman And Diu,1,GEN,Daman & Diu,Lalubhai Babubhai Patel,Bharatiya Janta Party,"1,11,827",87469,0.796,9942,0.114
Damoh,7,GEN,Madhya Pradesh [2000 Onwards],Prahalad Singh Patel,Bharatiya Janta Party,"17,37,702","11,64,226",0.674,"3,53,411",0.304
Darbhanga,14,GEN,Bihar [2000 Onwards],Gopal Jee Thakur,Bharatiya Janta Party,"16,44,671","9,64,996",0.599,"2,67,979",0.278
Darjeeling,4,GEN,West Bengal,Raju Bista,Bharatiya Janta Party,"15,19,531","12,67,270",0.841,"4,13,443",0.326
Dausa,11,ST,Rajasthan,Jaskaur Meena,Bharatiya Janta Party,"16,92,217","10,62,834",0.632,78444,0.074
Davanagere,13,GEN,Karnataka,G M Siddeshwar,Bharatiya Janta Party,"16,13,781","11,94,586",0.742,"1,69,702",0.142
Deoria,66,GEN,Uttar Pradesh [2000 Onwards],Ramapati Ram Tripathi,Bharatiya Janta Party,"17,51,752","10,15,363",0.587,"2,49,931",0.246
Dewas,21,SC,Madhya Pradesh [2000 Onwards],Mahendra Singh Solanky,Bharatiya Janta Party,"17,18,488","13,98,946",0.819,"3,72,249",0.266
Dhanbad,7,GEN,Jharkhand,Pashupati Nath Singh,Bharatiya Janta Party,"20,50,314","12,52,817",0.613,"4,86,194",0.388
Dhar,25,ST,Madhya Pradesh [2000 Onwards],Chattarsingh Darbar,Bharatiya Janta Party,"17,52,846","13,44,132",0.777,"1,56,029",0.116
Dharmapuri,10,GEN,Tamil Nadu,Dnv Senthilkumar. S.,Dravida Munetra Kazhagam,"14,53,257","12,23,205",0.851,70753,0.058
Dharwad,11,GEN,Karnataka,Pralhad Joshi,Bharatiya Janta Party,"16,87,290","12,13,505",0.721,"2,05,072",0.169
Dhaurahra,29,GEN,Uttar Pradesh [2000 Onwards],Rekha Verma,Bharatiya Janta Party,"16,04,211","10,63,840",0.67,"1,60,611",0.151
Dhenkanal,9,GEN,Orissa,Mahesh Sahoo,Biju Janata Dal,"14,61,182","11,31,522",0.782,35412,0.031
Dhubri,4,GEN,Assam,Badruddin Ajmal,All India United Democratic Front,"17,99,561","16,85,005",0.941,"2,26,258",0.134
Dhule,2,GEN,Maharashtra,Bhamre Subhash Ramrao,Bharatiya Janta Party,"17,87,801","10,85,038",0.608,"2,29,243",0.211
Diamond Harbou,21,GEN,West Bengal,Abhishek Banerjee,All India Trinamool Congress,"18,73,955","14,09,002",0.761,"3,20,594",0.228
Dibrugarh,13,GEN,Assam,Rameswar Teli,Bharatiya Janta Party,"12,65,748","10,15,748",0.819,"3,64,566",0.359
Dindigul,22,GEN,Tamil Nadu,"Velusamy, P.",Dravida Munetra Kazhagam,"15,18,633","11,60,046",0.773,"5,38,972",0.465
Dindori,20,ST,Maharashtra,Dr. Bharati Pravin Pawar,Bharatiya Janta Party,"16,51,955","11,37,631",0.694,"1,98,779",0.175
Domariyaganj,60,GEN,Uttar Pradesh [2000 Onwards],Jagdambika Pal,Bharatiya Janta Party,"18,94,047","9,85,269",0.526,"1,05,321",0.107
Dum Dum,16,GEN,West Bengal,Sougata Ray,All India Trinamool Congress,"16,99,710","12,04,660",0.717,53002,0.044
Dumka,2,ST,Jharkhand,Sunil Soren,Bharatiya Janta Party,"13,49,843","10,25,968",0.771,47590,0.046
Durg,7,GEN,Chhattisgarh,Vijay Baghel,Bharatiya Janta Party,"18,78,677","13,91,996",0.743,"3,91,978",0.282
East Delhi,3,GEN,Delhi [1977 Onwards],Jadunandan Prasad,Bharatiya Janta Party,"18,29,578","12,57,821",0.69,"3,91,222",0.311
Eluru,10,,Andhra Pradesh [2014 Onwards],Kotagiri Sridhar,Yuvajana Sramika Rythu Congress Party,"14,18,277","13,27,923",0.953,"1,65,925",0.125
Ernakulam,12,GEN,Kerala,Hibi Eden,Indian National Congress,"11,90,575","9,67,203",0.817,"1,69,153",0.175
Erode,17,GEN,Tamil Nadu,Ganeshamurthi A,Dravida Munetra Kazhagam,"14,27,534","10,67,863",0.758,"2,10,618",0.197
Etah,22,GEN,Uttar Pradesh [2000 Onwards],Rajveer Singh (Raju Bhaiya),Bharatiya Janta Party,"15,87,949","9,99,607",0.633,"1,22,670",0.123
Etawah,41,SC,Uttar Pradesh [2000 Onwards],Dr Ram Shankar Katheria,Bharatiya Janta Party,"17,14,935","10,27,815",0.603,64437,0.063
Faizabad,54,GEN,Uttar Pradesh [2000 Onwards],Lallu Singh,Bharatiya Janta Party,"17,83,699","10,87,121",0.615,65477,0.06
Faridabad,10,GEN,Haryana,Krishan Pal,Bharatiya Janta Party,"19,26,323","13,27,295",0.692,"6,38,239",0.481
Faridkot,9,SC,Punjab,Mohammad Sadique,Indian National Congress,"15,15,062","9,74,947",0.656,83256,0.085
Farrukhabad,40,GEN,Uttar Pradesh [2000 Onwards],Mukesh Rajput,Bharatiya Janta Party,"16,61,488","10,02,953",0.608,"2,21,702",0.221
Fatehgarh Sahi,8,SC,Punjab,Amar Singh,Indian National Congress,"14,70,008","9,85,948",0.68,93898,0.095
Fatehpur,49,GEN,Uttar Pradesh [2000 Onwards],Niranjan Jyoti,Bharatiya Janta Party,"17,83,535","10,43,655",0.593,"1,98,205",0.19
Fatehpur Sikri,19,GEN,Uttar Pradesh [2000 Onwards],Rajkumar Chahar,Bharatiya Janta Party,"16,60,405","10,37,151",0.631,"4,95,065",0.477
Ferozpur,10,GEN,Punjab,Sukhbir Singh Badal,Shiromani Akali Dal,"15,87,296","11,72,033",0.748,"1,98,850",0.17
Firozabad,20,GEN,Uttar Pradesh [2000 Onwards],Dr. Chandra Sen Jadon,Bharatiya Janta Party,"16,98,385","10,75,866",0.637,28781,0.027
Gadchiroli-Chi,12,ST,Maharashtra,Ashok Mahadeorao Nete,Bharatiya Janta Party,"15,22,662","11,42,698",0.767,77526,0.068
Gandhinagar,6,GEN,Gujarat,Amit Shah,Bharatiya Janta Party,"18,74,564","12,84,090",0.693,"5,57,014",0.434
Ganganagar,1,SC,Rajasthan,Nihal Chand,Bharatiya Janta Party,"19,01,409","14,51,765",0.772,"4,06,978",0.28
Garhwal,2,GEN,Uttarakhand,Tirath Singh Rawat,Bharatiya Janta Party,"12,95,238","7,42,784",0.583,"3,02,669",0.407
Gauhati,7,GEN,Assam,Queen Oja,Bharatiya Janta Party,"19,30,145","17,63,757",0.919,"3,45,606",0.196
Gautam Buddh N,13,GEN,Uttar Pradesh [2000 Onwards],Dr. Mahesh Sharma,Bharatiya Janta Party,"21,07,718","13,92,952",0.665,"3,36,922",0.242
Gaya,38,SC,Bihar [2000 Onwards],Vijay Kumar,Janata Dal (United),"16,98,772","9,57,248",0.581,"1,52,426",0.159
Ghatal,32,GEN,West Bengal,Adhikari Deepak (DEV),All India Trinamool Congress,"19,31,027","14,88,818",0.778,"1,07,973",0.073
Ghaziabad,12,GEN,Uttar Pradesh [2000 Onwards],Vijay Kumar Singh,Bharatiya Janta Party,"25,73,715","15,24,456",0.595,"5,01,500",0.329
Ghazipur,75,GEN,Uttar Pradesh [2000 Onwards],Afzal Ansari,Bahujan Samaj Party,"18,32,844","11,05,627",0.607,"1,19,392",0.108
Ghosi,70,GEN,Uttar Pradesh [2000 Onwards],Atul Kumar Singh,Bahujan Samaj Party,"19,45,291","11,40,781",0.589,"1,22,568",0.107
Giridih,6,GEN,Jharkhand,Chandra Prakash Choudhary,All Jharkhand Students Union,"16,25,806","11,06,918",0.693,"2,48,347",0.224
Godda,3,GEN,Jharkhand,Nishikant Dubey,Bharatiya Janta Party,"16,83,948","11,94,036",0.72,"1,84,227",0.154
Gonda,59,GEN,Uttar Pradesh [2000 Onwards],Kirti Vardhan Singh Alias Raja Bhaiya,Bharatiya Janta Party,"17,44,625","9,23,816",0.534,"1,66,360",0.18
Gopalganj,17,SC,Bihar [2000 Onwards],Dr. Alok Kumar Suman,Janata Dal (United),"18,32,200","10,24,876",0.588,"2,86,434",0.279
Gorakhpur,64,GEN,Uttar Pradesh [2000 Onwards],Ravindra Shyamnarayan Shukla Alias Ravi Kishan,Bharatiya Janta Party,"19,60,935","11,84,635",0.608,"3,01,664",0.255
Gulbarga,5,SC,Karnataka,Dr. Umesh G Jadhav,Bharatiya Janta Party,"19,20,070","11,89,361",0.625,95452,0.08
Guna,4,GEN,Madhya Pradesh [2000 Onwards],"Krishna Pal Singh ""dr. K. P. Yadav""",Bharatiya Janta Party,"16,31,451","11,78,423",0.73,"1,25,549",0.107
Guntur,13,,Andhra Pradesh [2014 Onwards],Jayadev Galla,Telugu Desam,"14,86,993","13,51,474",0.913,4205,0.003
Gurdaspur,1,GEN,Punjab,Sunny Deol,Bharatiya Janta Party,"15,35,937","11,03,887",0.725,82459,0.075
Gurgaon,9,GEN,Haryana,Rao Inderjit Singh,Bharatiya Janta Party,"19,90,711","14,46,509",0.729,"3,86,256",0.267
Gwalior,3,GEN,Madhya Pradesh [2000 Onwards],Vivek Narayan Shejwalkar,Bharatiya Janta Party,"19,38,511","11,96,096",0.62,"1,46,842",0.123
Hajipur,21,SC,Bihar [2000 Onwards],Pashu Pati Kumar Paras,Lok Jan Shakti Party,"18,10,137","10,06,817",0.57,"2,05,449",0.204
Hamirpur,3,GEN,Himachal Pradesh,Anurag Singh Thakur,Bharatiya Janta Party,"12,47,699","9,88,765",0.799,"3,99,572",0.404
Hamirpur,47,GEN,Uttar Pradesh [2000 Onwards],Kunwar Pushpendra Singh Chandel,Bharatiya Janta Party,"17,15,940","10,89,778",0.644,"2,48,652",0.228
Hardoi,31,SC,Uttar Pradesh [2000 Onwards],Jai Prakash,Bharatiya Janta Party,"17,75,274","10,57,558",0.602,"1,32,474",0.125
Hardwar,5,GEN,Uttarakhand,Ramesh Pokhriyal 'nishank',Bharatiya Janta Party,"17,85,889","12,71,030",0.715,"2,58,729",0.204
Hassan,16,GEN,Karnataka,Prajwal Revanna,Janata Dal (Secular),"16,30,952","12,77,552",0.791,"1,41,324",0.111
Hathras,16,SC,Uttar Pradesh [2000 Onwards],Rajvir Diler,Bharatiya Janta Party,"17,99,499","11,50,294",0.644,"2,60,208",0.226
Hatkanangle,48,GEN,Maharashtra,Dhairyasheel Sambhajirao Mane,Shiv Sena,"16,93,449","12,52,211",0.744,96039,0.077
Haveri,10,GEN,Karnataka,Udasi. S.C.,Bharatiya Janta Party,"16,80,025","12,66,679",0.758,"1,40,882",0.111
Hazaribagh,14,GEN,Jharkhand,Jayant Sinha,Bharatiya Janta Party,"15,18,831","10,80,929",0.717,"4,79,548",0.444
Hindupur,20,,Andhra Pradesh [2014 Onwards],Kuruva Gorantla Madhav,Yuvajana Sramika Rythu Congress Party,"14,34,282","13,38,514",0.945,"1,40,748",0.105
Hingoli,15,GEN,Maharashtra,Hemant Patil,Shiv Sena,"16,59,433","11,57,516",0.7,"2,77,856",0.24
Hisar,4,GEN,Haryana,Brijendra Singh,Bharatiya Janta Party,"15,58,281","11,79,869",0.759,"3,14,068",0.266
Hooghly,28,GEN,West Bengal,Locket Chatterjee,Bharatiya Janta Party,"13,73,449","14,57,842",1.071,73362,0.05
Hoshangabad,17,GEN,Madhya Pradesh [2000 Onwards],Uday Pratap Singh,Bharatiya Janta Party,"16,50,087","12,65,869",0.778,"5,53,682",0.437
Hoshiarpur,5,SC,Punjab,Som Parkash,Bharatiya Janta Party,"15,48,898","9,90,791",0.648,48530,0.049
Howrah,25,GEN,West Bengal,Prasun Banerjee,All India Trinamool Congress,"17,96,175","12,22,293",0.684,"1,03,695",0.085
Hyderabad,9,GEN,Telangana,Asaduddin Owaisi,All India Majlis-E-Ittehadul Muslimeen,"19,27,685","8,77,872",0.458,"2,82,186",0.321
Idukki,13,GEN,Kerala,Adv. Dean Kuriakose,Indian National Congress,"11,60,824","9,19,297",0.797,"1,71,053",0.186
Indore,26,GEN,Madhya Pradesh [2000 Onwards],Shankar Lalwani,Bharatiya Janta Party,"22,35,342","16,29,108",0.731,"5,47,754",0.336
Inner Manipur,1,GEN,Manipur,Dr Rajkumar Ranjan Singh,Bharatiya Janta Party,"8,55,359","7,59,301",0.891,17755,0.023
Jabalpur,13,GEN,Madhya Pradesh [2000 Onwards],Rakesh Singh,Bharatiya Janta Party,"17,67,369","12,63,573",0.717,"4,54,744",0.36
Jadavpur,22,GEN,West Bengal,Mimi Chakraborty,All India Trinamool Congress,"19,90,328","14,36,894",0.73,"2,95,239",0.205
Jagatsinghpur,16,SC,Orissa,Rajashree Mallick,Biju Janata Dal,"15,84,635","12,29,190",0.78,"2,71,655",0.221
Jahanabad,36,GEN,Bihar [2000 Onwards],Chandeshwar Prasad,Janata Dal (United),"15,73,907","8,22,065",0.54,1751,0.002
Jaipur,7,GEN,Rajasthan,Ramcharan Bohra,Bharatiya Janta Party,"20,43,881","14,56,404",0.716,"4,30,626",0.296
Jaipur Rural,6,GEN,Rajasthan,Col. Rajyavardhan Rathore,Bharatiya Janta Party,"18,97,332","12,76,693",0.678,"3,93,171",0.308
Jajpur,8,SC,Orissa,Sarmistha Sethi,Biju Janata Dal,"14,13,322","10,92,084",0.778,"1,01,693",0.093
Jalandhar,4,SC,Punjab,Santokh Singh Chaudhary,Indian National Congress,"15,74,968","10,18,998",0.655,19491,0.019
Jalaun,45,SC,Uttar Pradesh [2000 Onwards],Bhanu Pratap Singh Verma,Bharatiya Janta Party,"14,70,521","11,29,955",0.777,"1,58,377",0.14
Jalgaon,3,GEN,Maharashtra,Unmesh Bhaiyyasaheb Patil,Bharatiya Janta Party,"18,45,368","10,88,277",0.595,"4,11,617",0.378
Jalna,18,GEN,Maharashtra,Danve Raosaheb Dadarao,Bharatiya Janta Party,"17,65,712","12,08,139",0.693,"3,32,815",0.275
Jalore,18,GEN,Rajasthan,Devaji Patel,Bharatiya Janta Party,"16,00,603","13,61,619",0.862,"2,61,110",0.192
Jalpaiguri,3,SC,West Bengal,Dr. Jayanta Kumar Roy,Bharatiya Janta Party,"16,18,231","15,00,922",0.94,"1,84,004",0.123
Jammu,6,,Jammu & Kashmir,Jugal Kishore,Bharatiya Janta Party,"18,48,155","14,78,795",0.802,"3,02,875",0.205
Jamnagar,12,GEN,Gujarat,Poonamben Hematbhai Maadam,Bharatiya Janta Party,"16,15,693","10,10,965",0.631,"2,36,804",0.234
Jamshedpur,9,GEN,Jharkhand,Bidyut Baran Mahato,Bharatiya Janta Party,"16,58,549","11,44,226",0.693,"3,02,090",0.264
Jamui,40,SC,Bihar [2000 Onwards],Chirag Kumar Paswan,Lok Jan Shakti Party,"17,09,356","9,49,137",0.578,"2,41,049",0.254
Jangipur,9,GEN,West Bengal,Khalilur Rahaman,All India Trinamool Congress,"17,13,293","13,04,504",0.768,"2,45,782",0.188
Janjgir-Champa,3,SC,Chhattisgarh,Guharam Ajgalley,Bharatiya Janta Party,"18,50,601","12,47,650",0.68,83255,0.067
Jaunpur,73,GEN,Uttar Pradesh [2000 Onwards],Shyam Singh Yadav,Bahujan Samaj Party,"17,59,456","10,40,652",0.593,80936,0.078
Jhalawar-Baran,25,GEN,Rajasthan,Dushyant Singh,Bharatiya Janta Party,"18,63,755","13,69,868",0.744,"4,53,928",0.331
Jhanjharpur,7,GEN,Bihar [2000 Onwards],Ramprit Mandal,Janata Dal (United),"18,35,089","10,60,562",0.583,"3,22,951",0.305
Jhansi,46,GEN,Uttar Pradesh [2000 Onwards],Anurag Sharma,Bharatiya Janta Party,"23,85,972","13,80,890",0.586,"3,65,683",0.265
Jhargram,33,ST,West Bengal,Kunar Hembram,Bharatiya Janta Party,"15,22,363","14,06,214",0.935,11767,0.008
Jhunjhunu,4,GEN,Rajasthan,Narendra Kumar,Bharatiya Janta Party,"18,69,883","11,98,927",0.646,"3,02,547",0.252
Jodhpur,16,GEN,Rajasthan,Gajendra Singh Shekhawat,Bharatiya Janta Party,"18,88,942","13,46,243",0.719,"2,74,440",0.204
Jorhat,12,GEN,Assam,Topon Kumar Gogoi,Bharatiya Janta Party,"13,19,952","10,57,965",0.811,82653,0.078
Joynagar,19,SC,West Bengal,Pratima Mondal,All India Trinamool Congress,"18,05,964","13,56,102",0.757,"3,16,775",0.234
Junagadh,13,GEN,Gujarat,Chudasama Rajeshbhai Naranbhai,Bharatiya Janta Party,"15,76,209","10,05,224",0.648,"1,50,185",0.149
Kachchh,1,SC,Gujarat,Chavda Vinod Lakhamshi,Bharatiya Janta Party,"19,49,895","10,23,198",0.534,"3,05,513",0.299
Kadapa,21,,Andhra Pradesh [2014 Onwards],Y.S.Avinash Reddy,Yuvajana Sramika Rythu Congress Party,"13,25,963","12,28,242",0.937,"3,80,726",0.31
Kairana,2,GEN,Uttar Pradesh [2000 Onwards],Pradeep Kumar,Bharatiya Janta Party,"15,99,120","11,24,047",0.705,92160,0.082
Kaiserganj,57,GEN,Uttar Pradesh [2000 Onwards],Brijbhusan Sharan Singh,Bharatiya Janta Party,"17,79,143","9,81,400",0.559,"2,61,601",0.267
Kakinada,6,,Andhra Pradesh [2014 Onwards],Vanga Geethaviswanath,Yuvajana Sramika Rythu Congress Party,"14,12,538","12,34,655",0.886,25738,0.021
Kalahandi,11,GEN,Orissa,Basanta Kumar Panda,Bharatiya Janta Party,"15,63,160","12,28,292",0.799,26814,0.022
Kaliabor,11,GEN,Assam,Gaurav Gogoi,Indian National Congress,"16,63,513","14,24,687",0.866,"2,09,994",0.147
Kallakurichi,14,GEN,Tamil Nadu,Gautham Sigamani Pon,Dravida Munetra Kazhagam,"14,90,339","12,04,375",0.816,"3,99,919",0.332
Kalyan,24,GEN,Maharashtra,Dr. Shrikant Eknath Shinde,Shiv Sena,"18,61,577","8,90,313",0.485,"3,44,343",0.387
Kancheepuram,6,SC,Tamil Nadu,Selvam.G,Dravida Munetra Kazhagam,"16,01,060","12,37,612",0.787,"2,86,632",0.232
Kandhamal,13,GEN,Orissa,Achyutananda Samanta,Biju Janata Dal,"12,35,291","9,41,985",0.773,"1,49,216",0.158
Kangra,1,GEN,Himachal Pradesh,Kishan Kapoor,Bharatiya Janta Party,"12,58,601","10,06,989",0.809,"4,77,623",0.474
Kanker,11,ST,Chhattisgarh,Mohan Mandavi,Bharatiya Janta Party,"15,31,469","11,59,193",0.774,6914,0.006
Kannauj,42,GEN,Uttar Pradesh [2000 Onwards],Subrat Pathak,Bharatiya Janta Party,"18,27,515","11,40,496",0.629,12353,0.011
Kanniyakumari,39,GEN,Tamil Nadu,Vasanthakumar. H,Indian National Congress,"14,77,243","10,48,377",0.714,"2,59,933",0.248
Kannur,2,GEN,Kerala,K. Sudhakaran,Indian National Congress,"12,01,236","10,53,842",0.881,94559,0.09
Kanpur,43,GEN,Uttar Pradesh [2000 Onwards],Satyadev Pachauri,Bharatiya Janta Party,"19,36,426","8,42,994",0.437,"1,55,934",0.185
Kanthi,31,GEN,West Bengal,Adhikari Sisir,All India Trinamool Congress,"17,93,513","14,24,247",0.799,"1,11,668",0.078
Karakat,35,GEN,Bihar [2000 Onwards],Mahabali Singh,Janata Dal (United),"17,59,358","8,68,798",0.506,84542,0.097
Karauli-Dholpu,10,SC,Rajasthan,Manoj Rajoria,Bharatiya Janta Party,"17,82,015","9,98,044",0.564,97682,0.098
Karimnagar,3,GEN,Telangana,Bandi Sanjay Kumar,Bharatiya Janta Party,"15,44,460","11,47,697",0.748,89508,0.078
Karnal,5,GEN,Haryana,Sanjay Bhatia,Bharatiya Janta Party,"18,21,231","13,00,722",0.717,"6,56,142",0.504
Karur,23,GEN,Tamil Nadu,Jothimani S,Indian National Congress,"13,65,804","11,03,165",0.815,"4,20,546",0.381
Kasaragod,1,GEN,Kerala,Rajmohan Unnithan,Indian National Congress,"13,05,827","11,00,051",0.846,40438,0.037
Katihar,11,GEN,Bihar [2000 Onwards],Dulal Chandra Goswami,Janata Dal (United),"16,45,713","11,17,734",0.692,57203,0.051
Kaushambi,50,SC,Uttar Pradesh [2000 Onwards],Vinod Kumar Sonkar,Bharatiya Janta Party,"17,43,036","9,74,438",0.568,38722,0.04
Kendrapara,15,GEN,Orissa,Anubhav Mohanty,Biju Janata Dal,"16,58,168","12,36,466",0.75,"1,52,584",0.123
Keonjhar,4,ST,Orissa,Chandrani Murmu,Biju Janata Dal,"14,49,996","11,76,292",0.825,66203,0.056
Khadoor Sahib,3,GEN,Punjab,Jasbir Singh Gill (DIMPA),Indian National Congress,"15,99,081","10,46,032",0.657,"1,40,573",0.134
Khagaria,25,GEN,Bihar [2000 Onwards],Choudhary Mehboob Ali Kaiser,Lok Jan Shakti Party,"16,53,928","9,66,813",0.589,"2,48,570",0.257
Khajuraho,8,GEN,Madhya Pradesh [2000 Onwards],V.D. Sharma (VISHNU DATT SHARMA),Bharatiya Janta Party,"18,01,044","12,57,783",0.704,"4,92,382",0.391
Khammam,17,GEN,Telangana,Nama Nageswr Rao,Telangana Rashtra Samithi,"14,41,181","11,39,831",0.802,"1,68,062",0.147
Khandwa,28,GEN,Madhya Pradesh [2000 Onwards],Nandkumar Singh Chouhan (NANDU BHAIYA),Bharatiya Janta Party,"18,49,606","14,68,138",0.802,"2,73,343",0.186
Khargone,27,ST,Madhya Pradesh [2000 Onwards],Gajendra Umrao Singh Patel,Bharatiya Janta Party,"17,83,776","14,27,607",0.811,"2,02,510",0.142
Kheda,17,GEN,Gujarat,Chauhan Devusinh,Bharatiya Janta Party,"16,97,520","10,98,633",0.658,"3,67,145",0.334
Kheri,28,GEN,Uttar Pradesh [2000 Onwards],Ajay Kumar,Bharatiya Janta Party,"17,29,085","11,36,660",0.662,"2,18,807",0.192
Khunti,11,ST,Jharkhand,Arjun Munda,Bharatiya Janta Party,"11,65,658","8,32,377",0.732,1445,0.002
Kishanganj,10,GEN,Bihar [2000 Onwards],Dr. Mohammad Jawed,Indian National Congress,"16,52,940","11,01,603",0.678,34466,0.031
Kodarma,5,GEN,Jharkhand,Annpurna Devi,Bharatiya Janta Party,"17,65,156","12,09,541",0.703,"4,55,600",0.377
Kokrajhar,5,ST,Assam,Naba Kumar Sarania,Independent,"15,10,051","14,79,485",0.99,37786,0.026
Kolar,28,SC,Karnataka,S. Muniswamy,Bharatiya Janta Party,"16,08,229","12,58,551",0.791,"2,10,021",0.167
Kolhapur,47,GEN,Maharashtra,Sanjay Sadashivrao Mandlik,Shiv Sena,"18,05,949","13,30,852",0.742,"2,70,568",0.203
Kolkata Dakshi,23,GEN,West Bengal,Mala Roy,All India Trinamool Congress,"19,04,710","12,06,645",0.641,"1,55,192",0.129
Kolkata Uttar,24,GEN,West Bengal,Bandyopadhyay Sudip,All India Trinamool Congress,"16,18,835","9,50,613",0.591,"1,27,095",0.134
Kollam,18,GEN,Kerala,N.K.Premachandran,Revolutionary Socialist Party,"12,42,521","9,68,123",0.784,"1,48,856",0.154
Koppal,8,GEN,Karnataka,Karadi Sanganna Amarappa,Bharatiya Janta Party,"17,06,900","11,90,347",0.704,38397,0.032
Koraput,21,ST,Orissa,Saptagiri Sankar Ulaka,Indian National Congress,"13,85,228","10,80,161",0.806,3613,0.003
Korba,4,GEN,Chhattisgarh,Jyotsna Charandas Mahant,Indian National Congress,"13,40,544","11,37,003",0.863,26349,0.023
Kota,24,GEN,Rajasthan,Om Birla,Bharatiya Janta Party,"19,00,514","13,67,034",0.726,"2,79,677",0.205
Kottayam,14,GEN,Kerala,Thomas Chazhikadan,Kerala Congress(M),"11,68,104","9,10,339",0.786,"1,06,259",0.117
Kozhikode,5,GEN,Kerala,M.K.Raghavan,Indian National Congress,"12,45,068","10,76,193",0.867,85225,0.079
Krishnagiri,9,GEN,Tamil Nadu,Dr.A.Chellakumar,Indian National Congress,"14,82,269","11,61,369",0.797,"1,56,765",0.135
Krishnanagar,12,GEN,West Bengal,Mahua Moitra,All India Trinamool Congress,"17,74,833","13,66,443",0.774,63218,0.046
Kurnool,18,,Andhra Pradesh [2014 Onwards],Ayushman Doctor Sanjeev Kumar,Yuvajana Sramika Rythu Congress Party,"13,54,509","11,83,035",0.879,"1,48,903",0.126
Kurukshetra,2,GEN,Haryana,Nayab Singh,Bharatiya Janta Party,"15,79,115","12,30,202",0.781,"3,84,591",0.313
Kushi Nagar,65,GEN,Uttar Pradesh [2000 Onwards],Vijay Kumar Dubey,Bharatiya Janta Party,"17,34,356","10,53,117",0.612,"3,37,560",0.321
Ladakh,4,,Jammu & Kashmir,Jamyang Tsering Namgyal,Bharatiya Janta Party,"1,66,763","1,26,426",0.764,10930,0.086
Lakhimpur,14,GEN,Assam,Pradan Baruah,Bharatiya Janta Party,"16,21,466","12,83,589",0.801,"3,50,551",0.273
Lakshadweep,1,,Lakshadweep,Mohammed Faizal Pp,Nationalist Congress Party,49922,47009,0.944,823,0.018
Lalganj,68,SC,Uttar Pradesh [2000 Onwards],Sangeeta Azad,Bahujan Samaj Party,"17,33,044","9,60,568",0.557,"1,61,597",0.168
Latur,41,SC,Maharashtra,Sudhakar Tukaram Shrangare,Bharatiya Janta Party,"18,02,702","11,76,542",0.656,"2,89,111",0.246
Lohardaga,12,ST,Jharkhand,Sudarshan Bhagat,Bharatiya Janta Party,"11,87,646","8,17,550",0.698,10363,0.013
Lucknow,35,GEN,Uttar Pradesh [2000 Onwards],Rajnath Singh,Bharatiya Janta Party,"19,39,448","11,16,445",0.58,"3,47,302",0.311
Ludhiana,7,GEN,Punjab,Ravneet Singh Bittu,Indian National Congress,"16,41,976","10,46,955",0.644,76372,0.073
Machhlishahr,74,SC,Uttar Pradesh [2000 Onwards],Bholanath (B.P. Saroj),Bharatiya Janta Party,"17,77,073","10,34,925",0.589,181,0.0
Machilipatnam,11,,Andhra Pradesh [2014 Onwards],Balashowry Vallabhaneni,Yuvajana Sramika Rythu Congress Party,"12,96,361","12,44,570",0.971,60238,0.048
Madha,43,GEN,Maharashtra,Ranjeetsinha Hindurao Naik- Nimbalkar,Bharatiya Janta Party,"18,25,200","12,16,319",0.668,85764,0.071
Madhepura,13,GEN,Bihar [2000 Onwards],Dinesh Chandra Yadav,Janata Dal (United),"18,74,003","11,47,274",0.633,"3,01,527",0.263
Madhubani,6,GEN,Bihar [2000 Onwards],Ashok Kumar Yadav,Bharatiya Janta Party,"17,80,846","9,63,708",0.544,"4,54,940",0.472
Madurai,32,GEN,Tamil Nadu,Venkatesan S,Communist Party Of India (Marxist),"15,21,452","10,16,026",0.678,"1,39,395",0.137
Mahabubabad,16,ST,Telangana,Kavitha Malothu,Telangana Rashtra Samithi,"13,36,286","9,83,535",0.747,"1,46,663",0.149
Maharajganj,63,GEN,Uttar Pradesh [2000 Onwards],Pankaj Choudhary,Bharatiya Janta Party,"18,66,715","12,26,916",0.663,"3,40,424",0.277
Maharajganj,19,GEN,Bihar [2000 Onwards],"Janardan Singh 'sigriwal""",Bharatiya Janta Party,"17,93,406","9,72,703",0.555,"2,30,772",0.237
Mahasamund,9,GEN,Chhattisgarh,Chunni Lal Sahu,Bharatiya Janta Party,"16,13,418","12,22,335",0.771,90511,0.074
Mahbubnagar,11,GEN,Telangana,Manne Srinivas Reddy,Telangana Rashtra Samithi,"14,17,629","9,84,634",0.702,77829,0.079
Mahesana,4,GEN,Gujarat,Shardaben Anilbhai Patel,Bharatiya Janta Party,"16,07,923","10,81,938",0.68,"2,81,519",0.26
Mainpuri,21,GEN,Uttar Pradesh [2000 Onwards],Mulayam Singh Yadav,Samajwadi Party,"16,81,508","9,76,518",0.585,94389,0.097
Malappuram,6,GEN,Kerala,P.K. Kunhalikutty,Indian Union Muslim League,"13,06,617","10,34,618",0.795,"2,60,153",0.251
Maldaha Dakshi,8,GEN,West Bengal,Abu Hasem Khan Chowdhury (DALU),Indian National Congress,"14,61,017","12,79,202",0.884,8222,0.006
Maldaha Uttar,7,GEN,West Bengal,Khagen Murmu,Bharatiya Janta Party,"15,69,035","13,54,706",0.869,84288,0.062
Malkajgiri,7,GEN,Telangana,Anumula Revanth Reddy,Indian National Congress,"29,58,564","15,63,063",0.534,10919,0.007
Mandi,2,GEN,Himachal Pradesh,Ram Swaroop Sharma,Bharatiya Janta Party,"11,50,408","9,41,371",0.823,"4,05,459",0.431
Mandla,14,ST,Madhya Pradesh [2000 Onwards],Faggan Singh Kulaste,Bharatiya Janta Party,"19,01,547","15,17,255",0.815,97674,0.064
Mandsour,23,GEN,Madhya Pradesh [2000 Onwards],Sudheer Gupta,Bharatiya Janta Party,"17,14,857","13,70,667",0.805,"3,76,734",0.275
Mandya,20,GEN,Karnataka,Sumalatha Ambareesh,Independent,"16,84,216","13,79,210",0.821,"1,25,876",0.091
Mangaldoi,8,GEN,Assam,Dilip Saikia,Bharatiya Janta Party,"17,23,812","15,06,107",0.884,"1,38,545",0.092
Mathura,17,GEN,Uttar Pradesh [2000 Onwards],Hema Malini,Bharatiya Janta Party,"17,48,275","11,02,731",0.634,"2,93,471",0.266
Mathurapur,20,SC,West Bengal,Choudhury Mohan Jatua,All India Trinamool Congress,"18,10,407","14,01,953",0.778,"2,03,974",0.145
Maval,33,GEN,Maharashtra,Shrirang Appa Chandu Barne,Shiv Sena,"21,75,681","13,68,872",0.636,"2,15,913",0.158
Mavelikkara,16,SC,Kerala,Kodikunnil Suresh,Indian National Congress,"12,64,914","9,71,035",0.772,61138,0.063
Mayiladuthurai,28,GEN,Tamil Nadu,Ramalingam. S,Dravida Munetra Kazhagam,"14,66,813","10,97,243",0.754,"2,61,314",0.238
Mayurbhanj,5,ST,Orissa,Bishweswar Tudu,Bharatiya Janta Party,"14,37,970","11,50,357",0.815,25256,0.022
Medak,6,GEN,Telangana,Kotha Prabhakar Reddy,Telangana Rashtra Samithi,"15,14,728","11,50,223",0.77,"3,16,427",0.275
Medinipur,34,GEN,West Bengal,Dilip Ghosh,Bharatiya Janta Party,"18,15,330","14,09,815",0.785,88952,0.063
Meerut,10,GEN,Uttar Pradesh [2000 Onwards],Rajendra Agarwal,Bharatiya Janta Party,"18,17,780","12,16,413",0.673,4729,0.004
Mirzapur,79,GEN,Uttar Pradesh [2000 Onwards],Anupriya Singh Patel,Apna Dal (Soneylal),"18,05,890","11,08,965",0.623,"2,32,008",0.209
Misrikh,32,SC,Uttar Pradesh [2000 Onwards],Ashok Kumar Rawat,Bharatiya Janta Party,"17,62,049","10,26,668",0.588,"1,00,672",0.098
Mizoram,1,ST,Mizoram,C Lalrosanga,Mizo National Front,"7,25,057","4,99,621",0.693,8140,0.016
Mohanlalganj,34,SC,Uttar Pradesh [2000 Onwards],Kaushal Kishore,Bharatiya Janta Party,"19,15,170","12,69,040",0.668,90229,0.071
Moradabad,6,GEN,Uttar Pradesh [2000 Onwards],Dr. S.T. Hasan,Samajwadi Party,"18,86,615","12,82,206",0.683,97878,0.076
Morena,1,GEN,Madhya Pradesh [2000 Onwards],Narendra Singh Tomar,Bharatiya Janta Party,"17,39,025","11,37,290",0.655,"1,13,341",0.1
Mumbai North,26,GEN,Maharashtra,Gopal Shetty,Bharatiya Janta Party,"15,63,706","9,89,759",0.641,"4,65,247",0.47
Mumbai North Central,29,GEN,Maharashtra,Poonam Mahajan,Bharatiya Janta Party,"16,10,246","9,01,784",0.567,"1,30,005",0.144
Mumbai North East,28,GEN,Maharashtra,Manoj Kotak,Bharatiya Janta Party,"15,27,514","9,08,993",0.603,"2,26,486",0.249
Mumbai North West,27,GEN,Maharashtra,Gajanan Kirtikar,Shiv Sena,"19,08,991","9,41,497",0.503,"2,60,328",0.277
Mumbai South,31,GEN,Maharashtra,Arvind Ganpat Sawant,Shiv Sena,"15,37,955","8,01,611",0.531,"1,00,067",0.125
Mumbai South Central,30,GEN,Maharashtra,Rahul Ramesh Shewale,Shiv Sena,"13,88,390","7,97,250",0.584,"1,52,139",0.191
Munger,28,GEN,Bihar [2000 Onwards],Rajiv Ranjan Singh Alias Lalan Singh,Janata Dal (United),"18,70,993","10,36,268",0.559,"1,67,937",0.162
Murshidabad,11,GEN,West Bengal,Abu Taher Khan,All India Trinamool Congress,"18,24,697","14,53,755",0.805,"2,26,417",0.156
Muzaffarnagar,3,GEN,Uttar Pradesh [2000 Onwards],Sanjeev Kumar Balyan,Bharatiya Janta Party,"16,47,368","11,60,071",0.707,6526,0.006
Muzaffarpur,15,GEN,Bihar [2000 Onwards],Ajay Nishad,Bharatiya Janta Party,"17,10,868","10,58,086",0.624,"4,09,988",0.387
Mysore,21,GEN,Karnataka,Prathap Simha,Bharatiya Janta Party,"18,73,063","13,18,041",0.707,"1,38,647",0.105
Nabarangpur,12,ST,Orissa,Ramesh Chandra Majhi,Biju Janata Dal,"14,01,704","11,59,700",0.859,41634,0.036
Nagaland,1,ST,Nagaland,Tokheho Yepthomi,Nationalist Democratic Progressive Party,"11,90,285","10,06,357",0.847,16344,0.016
Nagapattinam,29,SC,Tamil Nadu,Selvaraj M,Communist Party Of India,"12,92,695","10,02,208",0.783,"2,11,353",0.211
Nagarkurnool,12,SC,Telangana,Pothuganti Ramulu,Telangana Rashtra Samithi,"15,01,178","9,89,847",0.668,"1,89,748",0.192
Nagaur,14,GEN,Rajasthan,Hanuman Beniwal,Rashtriya Loktantrik Party,"17,41,967","12,03,124",0.698,"1,81,260",0.151
Nagina,5,SC,Uttar Pradesh [2000 Onwards],Girish Chandra,Bahujan Samaj Party,"15,38,579","10,09,456",0.66,"1,66,832",0.165
Nagpur,10,GEN,Maharashtra,Nitin Jairam Gadkari,Bharatiya Janta Party,"20,60,047","11,86,051",0.578,"2,16,009",0.182
Nainital-Udham,4,GEN,Uttarakhand,Ajay Bhatt,Bharatiya Janta Party,"17,54,749","12,58,570",0.723,"3,39,096",0.269
Nalanda,29,GEN,Bihar [2000 Onwards],Kaushlendra Kumar,Janata Dal (United),"18,09,760","10,31,286",0.575,"2,56,137",0.248
Nalgonda,13,GEN,Telangana,Uttam Kumar Reddy Nalamada,Indian National Congress,"15,01,209","11,75,703",0.787,25682,0.022
Namakkal,16,GEN,Tamil Nadu,Chinraj A.K.P,Dravida Munetra Kazhagam,"13,83,282","11,33,774",0.831,"2,65,151",0.234
Nanded,16,GEN,Maharashtra,Prataprao Patil Chikhalikar,Bharatiya Janta Party,"16,32,971","11,29,350",0.695,40148,0.036
Nandurbar,1,ST,Maharashtra,Dr. Heena Vijaykumar Gavit,Bharatiya Janta Party,"17,96,321","12,81,738",0.726,95629,0.075
Nandyal,17,,Andhra Pradesh [2014 Onwards],Pocha . Brahmananda Reddy,Yuvajana Sramika Rythu Congress Party,"14,02,585","12,99,093",0.933,"2,50,119",0.193
Narasaraopet,14,,Andhra Pradesh [2014 Onwards],Lavu Sri Krishna Devarayalu,Yuvajana Sramika Rythu Congress Party,"15,45,916","14,37,420",0.938,"1,54,002",0.107
Narsapuram,9,,Andhra Pradesh [2014 Onwards],Kanumuru Raghu Rama Krishna Raju,Yuvajana Sramika Rythu Congress Party,"12,94,966","11,77,738",0.919,32676,0.028
Nashik,21,GEN,Maharashtra,Godse Hemant Tukaram,Shiv Sena,"17,64,151","11,21,232",0.64,"2,92,204",0.261
Navsari,25,GEN,Gujarat,C. R. Patil,Bharatiya Janta Party,"19,04,607","13,08,018",0.692,"6,89,668",0.527
Nawada,39,GEN,Bihar [2000 Onwards],Chandan Singh,Lok Jan Shakti Party,"18,92,017","9,42,462",0.517,"1,48,072",0.157
Nellore,22,,Andhra Pradesh [2014 Onwards],Adala Prabhakara Reddy,Yuvajana Sramika Rythu Congress Party,"14,60,959","12,87,036",0.893,"1,48,571",0.115
New Delhi,4,GEN,Delhi [1977 Onwards],Durga Prasad Pande,Bharatiya Janta Party,"14,90,147","9,20,541",0.622,"2,56,504",0.279
Nilgiris,19,SC,Tamil Nadu,"Raja, A.",Dravida Munetra Kazhagam,"13,36,480","10,10,719",0.77,"2,05,823",0.204
Nizamabad,4,GEN,Telangana,Arvind Dharmapuri,Bharatiya Janta Party,"14,45,388","10,62,768",0.737,70875,0.067
North East Delhi,2,GEN,Delhi [1977 Onwards],"Goswami, Sukadev",Bharatiya Janta Party,"19,57,707","14,61,475",0.749,"3,66,102",0.251
North Goa,1,GEN,Goa,Shripad Yesso Naik,Bharatiya Janta Party,"5,45,009","4,28,628",0.799,80247,0.187
North West Delhi,5,SC,Delhi [1977 Onwards],Ram Raksha Upadhya,Bharatiya Janta Party,"21,94,425","14,02,962",0.644,"5,53,897",0.395
Nowgong,10,GEN,Assam,Pradyut Bordoloi,Indian National Congress,"17,36,245","14,93,475",0.866,16752,0.011
Ongole,16,,Andhra Pradesh [2014 Onwards],Magunta Sreenivasulu Reddy,Yuvajana Sramika Rythu Congress Party,"14,10,224","13,42,368",0.967,"2,14,851",0.16
Osmanabad,40,GEN,Maharashtra,Omprakash Bhupalsinh Alias Pawan Rajenimbalkar,Shiv Sena,"17,83,129","12,04,730",0.681,"1,27,566",0.106
Outer Manipur,2,ST,Manipur,Lorho S. Pfoze,Naga Peoples Front,"9,18,966","8,58,029",0.937,73782,0.086
Palakkad,8,GEN,Kerala,V K Sreekandan,Indian National Congress,"12,74,734","10,28,249",0.812,11637,0.011
Palamau,13,SC,Jharkhand,Vishnu Dayal Ram,Bharatiya Janta Party,"18,00,197","12,09,747",0.675,"4,77,606",0.395
Palghar,22,ST,Maharashtra,Rajendra Dhedya Gavit,Shiv Sena,"17,27,531","12,01,941",0.713,88883,0.074
Pali,15,GEN,Rajasthan,P. P. Chaudhary,Bharatiya Janta Party,"21,05,101","13,59,799",0.653,"4,81,597",0.354
Panchmahal,18,GEN,Gujarat,Ratansinh Magansinh Rathod,Bharatiya Janta Party,"16,96,054","10,83,676",0.651,"4,28,541",0.395
Parbhani,17,GEN,Maharashtra,Jadhav Sanjay (BANDU) HARIBHAU,Shiv Sena,"19,02,298","12,52,782",0.661,42199,0.034
Paschim Champaran,2,GEN,Bihar [2000 Onwards],Dr. Sanjay Jaiswal,Bharatiya Janta Party,"16,06,271","10,12,936",0.659,"2,93,906",0.29
Pataliputra,31,GEN,Bihar [2000 Onwards],Ram Kripal Yadav,Bharatiya Janta Party,"19,09,112","10,77,749",0.568,39321,0.036
Patan,3,GEN,Gujarat,Dabhi Bharatsinhji Shankarji,Bharatiya Janta Party,"16,89,822","11,26,256",0.675,"1,93,879",0.172
Pathanamthitta,17,GEN,Kerala,Anto Antony,Indian National Congress,"13,32,683","10,26,553",0.773,44243,0.043
Patiala,13,GEN,Punjab,Preneet Kaur,Indian National Congress,"16,91,510","11,77,903",0.703,"1,62,718",0.138
Patna Sahib,30,GEN,Bihar [2000 Onwards],Ravi Shankar Prasad,Bharatiya Janta Party,"21,36,800","9,82,285",0.462,"2,84,657",0.29
Peddapalle,2,SC,Telangana,Venkatesh Netha Borlakunta,Telangana Rashtra Samithi,"13,68,475","9,70,051",0.715,95180,0.098
Perambalur,25,GEN,Tamil Nadu,"Dr.Paarivendhar, T. R",Dravida Munetra Kazhagam,"13,76,502","11,02,767",0.809,"4,03,518",0.366
Phulpur,51,GEN,Uttar Pradesh [2000 Onwards],Keshari Devi Patel,Bharatiya Janta Party,"19,50,247","9,78,236",0.506,"1,71,968",0.176
Pilibhit,26,GEN,Uttar Pradesh [2000 Onwards],Feroze Varun Gandhi,Bharatiya Janta Party,"17,30,628","11,86,589",0.691,"2,55,627",0.215
Pollachi,21,GEN,Tamil Nadu,Shanmuga Sundaram. K,Dravida Munetra Kazhagam,"17,16,498","10,81,875",0.639,"1,75,883",0.163
Ponnani,7,GEN,Kerala,E. T. Mohammed Basheer,Indian Union Muslim League,"12,65,341","10,17,265",0.809,"1,93,273",0.19
Porbandar,11,GEN,Gujarat,Rameshbhai Lavjibhai Dhaduk,Bharatiya Janta Party,"16,26,015","9,49,947",0.589,"2,29,823",0.242
Pratapgarh,39,GEN,Uttar Pradesh [2000 Onwards],Sangam Lal Gupta,Bharatiya Janta Party,"16,70,655","9,14,665",0.555,"1,17,752",0.129
Puducherry,1,GEN,Pondicherry,Ve. Vaithilingam,Indian National Congress,"9,69,845","7,90,760",0.828,"1,97,025",0.249
Pune,34,GEN,Maharashtra,Girish Bhalchandra Bapat,Bharatiya Janta Party,"19,97,594","10,35,236",0.524,"3,24,628",0.314
Puri,17,GEN,Orissa,Pinaki Misra,Biju Janata Dal,"15,00,546","11,35,620",0.762,11714,0.01
Purnia,12,GEN,Bihar [2000 Onwards],Santosh Kumar,Janata Dal (United),"20,55,471","11,53,940",0.57,"2,63,461",0.228
Purulia,35,GEN,West Bengal,Jyotirmay Singh Mahato,Bharatiya Janta Party,"17,61,215","13,55,236",0.776,"2,04,732",0.151
Purvi Champaran,3,GEN,Bihar [2000 Onwards],Radha Mohan Singh,Bharatiya Janta Party,"16,31,187","9,99,400",0.627,"2,93,648",0.294
Rae Bareli,36,GEN,Uttar Pradesh [2000 Onwards],Sonia Gandhi,Indian National Congress,"16,28,549","9,58,556",0.595,"1,67,178",0.174
Raichur,6,ST,Karnataka,Raja Amareshwara Naik,Bharatiya Janta Party,"18,96,652","11,24,385",0.601,"1,17,716",0.105
Raigad,32,GEN,Maharashtra,Tatkare Sunil Dattatray,Nationalist Congress Party,"15,98,012","10,25,467",0.649,31438,0.031
Raiganj,5,GEN,West Bengal,Debasree Chaudhuri,Bharatiya Janta Party,"15,31,944","12,77,109",0.843,60574,0.047
Raigarh,2,ST,Chhattisgarh,Gomati Sai,Bharatiya Janta Party,"17,14,355","13,50,124",0.797,66027,0.049
Raipur,8,GEN,Chhattisgarh,Sunil Kumar Soni,Bharatiya Janta Party,"20,46,014","13,96,250",0.685,"3,48,238",0.249
Rajahmundry,8,,Andhra Pradesh [2014 Onwards],Margani Bharat,Yuvajana Sramika Rythu Congress Party,"13,82,260","12,50,427",0.918,"1,21,634",0.097
Rajampet,24,,Andhra Pradesh [2014 Onwards],P.V.Midhun Reddy,Yuvajana Sramika Rythu Congress Party,"14,06,762","12,24,354",0.886,"2,68,284",0.219
Rajgarh,20,GEN,Madhya Pradesh [2000 Onwards],Rodmal Nagar,Bharatiya Janta Party,"16,49,452","12,60,329",0.77,"4,31,019",0.342
Rajkot,10,GEN,Gujarat,Kundaria Mohanbhai Kalyanjibhai,Bharatiya Janta Party,"18,39,420","11,95,271",0.66,"3,68,407",0.308
Rajmahal,1,ST,Jharkhand,Vijay Kumar Hansdak,Jharkhand Mukti Morcha,"14,22,969","10,47,657",0.745,99195,0.095
Rajnandgaon,6,GEN,Chhattisgarh,Santosh Pandey,Bharatiya Janta Party,"16,88,647","13,07,033",0.786,"1,11,966",0.086
Rajsamand,22,GEN,Rajasthan,Diya Kumari,Bharatiya Janta Party,"18,63,749","12,39,845",0.672,"5,51,916",0.445
Ramanathapuram,35,GEN,Tamil Nadu,K. Navaskani,Indian Union Muslim League,"15,53,058","10,66,146",0.691,"1,27,122",0.119
Rampur,7,GEN,Uttar Pradesh [2000 Onwards],Mohammad Azam Khan,Samajwadi Party,"16,58,551","10,60,921",0.644,"1,09,997",0.104
Ramtek,9,SC,Maharashtra,Krupal Balaji Tumane,Shiv Sena,"18,18,912","11,96,744",0.665,"1,26,783",0.106
Ranaghat,13,SC,West Bengal,Jagannath Sarkar,Bharatiya Janta Party,"19,74,979","14,84,035",0.756,"2,33,428",0.157
Ranchi,8,GEN,Jharkhand,Sanjay Seth,Bharatiya Janta Party,"18,27,355","12,35,441",0.679,"2,83,026",0.229
Ratlam,24,ST,Madhya Pradesh [2000 Onwards],Guman Singh Damor,Bharatiya Janta Party,"18,02,722","14,00,509",0.797,90636,0.065
Ratnagiri - Si,46,GEN,Maharashtra,Vinayak Raut,Shiv Sena,"13,93,965","9,01,102",0.656,"1,78,322",0.198
Raver,4,GEN,Maharashtra,Khadse Raksha Nikhil,Bharatiya Janta Party,"17,07,838","10,92,971",0.645,"3,35,882",0.307
Rewa,10,GEN,Madhya Pradesh [2000 Onwards],Janardan Mishra,Bharatiya Janta Party,"16,28,121","10,13,251",0.624,"3,12,807",0.309
Robertsganj,80,SC,Uttar Pradesh [2000 Onwards],Pakauri Lal Kol,Apna Dal (Soneylal),"16,72,073","9,88,287",0.604,54336,0.055
Rohtak,7,GEN,Haryana,Arvind Kumar Sharma,Bharatiya Janta Party,"16,38,605","12,20,571",0.747,7503,0.006
Sabarkantha,5,GEN,Gujarat,Rathod Dipsinh Shankarsinh,Bharatiya Janta Party,"16,95,262","12,18,354",0.722,"2,68,987",0.221
Sagar,5,GEN,Madhya Pradesh [2000 Onwards],Rajbahadur Singh,Bharatiya Janta Party,"15,50,731","10,37,175",0.675,"3,05,542",0.295
Saharanpur,1,GEN,Uttar Pradesh [2000 Onwards],Haji Fazlur Rehman,Bahujan Samaj Party,"16,77,662","12,31,746",0.737,22417,0.018
Salem,15,GEN,Tamil Nadu,Parthiban.S.R,Dravida Munetra Kazhagam,"15,80,013","12,55,459",0.805,"1,46,926",0.117
Salempur,71,GEN,Uttar Pradesh [2000 Onwards],Ravinder,Bharatiya Janta Party,"16,52,927","9,21,066",0.562,"1,12,477",0.122
Samastipur,23,SC,Bihar [2000 Onwards],Ramchandra Paswan,Lok Jan Shakti Party,"16,55,671","10,19,025",0.637,"2,51,643",0.247
Sambalpur,3,GEN,Orissa,Nitesh Ganga Deb,Bharatiya Janta Party,"13,99,694","11,24,455",0.813,9162,0.008
Sambhal,8,GEN,Uttar Pradesh [2000 Onwards],Dr. Shafiqur Rehman Barq,Samajwadi Party,"17,82,261","11,83,469",0.668,"1,74,826",0.148
Sangli,44,GEN,Maharashtra,Sanjaykaka Patil,Bharatiya Janta Party,"14,24,936","11,89,958",0.84,"1,64,352",0.138
Sangrur,12,GEN,Punjab,Bhagwant Mann,Aam Aadmi Party,"15,01,950","11,05,888",0.741,"1,10,211",0.1
Sant Kabir Nag,62,GEN,Uttar Pradesh [2000 Onwards],Praveen Kumar Nishad,Bharatiya Janta Party,"19,35,219","10,63,390",0.556,35749,0.034
Saran,20,GEN,Bihar [2000 Onwards],Rajiv Pratap Rudy,Bharatiya Janta Party,"16,55,736","9,41,656",0.586,"1,38,429",0.147
Sarguja,1,ST,Chhattisgarh,Renuka Singh Saruta,Bharatiya Janta Party,"16,17,451","12,80,689",0.81,"1,57,873",0.123
Sasaram,34,SC,Bihar [2000 Onwards],Chhedi Paswan,Bharatiya Janta Party,"17,71,935","9,74,749",0.561,"1,65,745",0.17
Satara,45,GEN,Maharashtra,Shrimant Chh. Udayanraje Pratapsinhmaharaj Bhonsle,Nationalist Congress Party,"17,53,567","11,15,434",0.641,"1,26,528",0.113
Satna,9,GEN,Madhya Pradesh [2000 Onwards],Ganesh Singh,Bharatiya Janta Party,"15,33,662","11,13,656",0.728,"2,31,473",0.208
Secundrabad,8,GEN,Telangana,G . Kishan Reddy,Bharatiya Janta Party,"18,90,049","9,15,106",0.489,62114,0.068
Shahdol,12,ST,Madhya Pradesh [2000 Onwards],Himadri Singh,Bharatiya Janta Party,"16,26,916","12,37,858",0.773,"4,03,333",0.326
Shahjahanpur,27,SC,Uttar Pradesh [2000 Onwards],Arun Kumar Sagar,Bharatiya Janta Party,"20,13,411","11,86,157",0.594,"2,68,418",0.226
Sheohar,4,GEN,Bihar [2000 Onwards],Rama Devi,Bharatiya Janta Party,"16,60,635","10,04,559",0.609,"3,40,360",0.339
Shillong,1,ST,Meghalaya,Vincent H. Pala,Indian National Congress,"11,54,272","7,84,190",0.683,"1,52,433",0.194
Shimla,4,SC,Himachal Pradesh,Suresh Kumar Kashyap,Bharatiya Janta Party,"11,53,363","9,13,608",0.799,"3,27,515",0.358
Shimoga,14,GEN,Karnataka,B.Y.Raghavendra.,Bharatiya Janta Party,"16,40,421","12,83,577",0.787,"2,23,360",0.174
Shirdi,38,SC,Maharashtra,Sadashiv Kisan Lokhande,Shiv Sena,"15,24,878","10,29,362",0.679,"1,20,195",0.117
Shirur,36,GEN,Maharashtra,Dr. Amol Ramsing Kolhe,Nationalist Congress Party,"20,45,438","12,93,117",0.635,58483,0.045
Shrawasti,58,GEN,Uttar Pradesh [2000 Onwards],Ram Shiromani,Bahujan Samaj Party,"18,68,891","9,97,007",0.543,5320,0.005
Sidhi,11,GEN,Madhya Pradesh [2000 Onwards],Riti Pathak,Bharatiya Janta Party,"18,22,205","12,82,705",0.707,"2,86,524",0.223
Sikar,5,GEN,Rajasthan,Sumedhanand Saraswati,Bharatiya Janta Party,"19,77,129","13,26,969",0.675,"2,97,156",0.224
Sikkim,1,GEN,Sikkim,Indra Hang Subba,Sikkim Krantikari Morcha,"4,10,317","3,51,746",0.863,12433,0.035
Silchar,2,GEN,Assam,Rajdeep Roy,Bharatiya Janta Party,"10,02,420","9,49,696",0.956,81596,0.086
Singhbhum,10,ST,Jharkhand,Geeta Kora,Indian National Congress,"12,30,774","8,79,329",0.734,72155,0.082
Sirsa,3,SC,Haryana,Sunita Duggal,Bharatiya Janta Party,"17,40,188","13,69,486",0.79,"3,09,918",0.226
Sitamarhi,5,GEN,Bihar [2000 Onwards],Sunil Kumar Pintu,Janata Dal (United),"17,38,001","10,38,849",0.604,"2,50,539",0.241
Sitapur,30,GEN,Uttar Pradesh [2000 Onwards],Rajesh Verma,Bharatiya Janta Party,"16,53,132","10,64,521",0.649,"1,00,833",0.095
Sivaganga,31,GEN,Tamil Nadu,Karti P Chidambaram,Indian National Congress,"15,29,700","10,84,468",0.715,"3,32,244",0.306
Siwan,18,GEN,Bihar [2000 Onwards],Kavita Singh,Janata Dal (United),"17,80,670","9,84,810",0.558,"1,16,958",0.119
Solapur,42,SC,Maharashtra,Shri. Sha. Bra. Dr. Jai Sidheshwar Shivachary Mahaswamiji,Bharatiya Janta Party,"17,47,242","10,84,514",0.624,"1,58,608",0.146
Sonipat,6,GEN,Haryana,Ramesh Chander Kaushik,Bharatiya Janta Party,"14,93,894","11,29,532",0.758,"1,64,864",0.146
South Delhi,7,GEN,Delhi [1977 Onwards],Badri Narain Sinha,Bharatiya Janta Party,"17,52,741","12,14,222",0.696,"3,67,043",0.302
South Goa,2,GEN,Goa,Cosme Francisco Caitano Sardinha,Indian National Congress,"5,72,200","4,24,575",0.752,9755,0.023
Srerampur,27,GEN,West Bengal,Kalyan Banerjee,All India Trinamool Congress,"19,83,013","14,01,705",0.717,98536,0.07
Srikakulam,2,,Andhra Pradesh [2014 Onwards],Kinjarapu Ram Mohan Naidu,Telugu Desam,"14,10,763","11,57,329",0.839,6653,0.006
Srinagar,2,,Jammu & Kashmir,Farooq Abdullah,Jammu & Kashmir National Conference,"12,05,233","1,86,832",0.156,70050,0.375
Sriperumbudur,5,GEN,Tamil Nadu,Baalu.T.R.,Dravida Munetra Kazhagam,"21,76,499","14,06,782",0.657,"5,07,955",0.361
Sultanpur,38,GEN,Uttar Pradesh [2000 Onwards],Maneka Sanjai Gandhi,Bharatiya Janta Party,"17,39,538","10,00,316",0.581,14526,0.015
Sundargarh,2,ST,Orissa,Jual Oram,Bharatiya Janta Party,"15,08,886","11,00,129",0.738,"2,23,065",0.203
Supaul,8,GEN,Bihar [2000 Onwards],Dileshwar Kamait,Janata Dal (United),"16,80,576","11,10,805",0.667,"2,66,853",0.24
Surat,24,GEN,Gujarat,Darshana Vikram Jardosh,Bharatiya Janta Party,"16,06,425","10,68,412",0.672,"5,48,230",0.513
Surendranagar,9,GEN,Gujarat,Dr. Munjapara Mahendrabhai,Bharatiya Janta Party,"18,12,702","10,77,726",0.599,"2,77,437",0.257
Tamluk,30,GEN,West Bengal,Adhikari Dibyendu,All India Trinamool Congress,"18,39,886","14,46,499",0.792,"1,90,165",0.131
Tehri Garhwal,1,GEN,Uttarakhand,Mala Rajya Laxmi Shah,Bharatiya Janta Party,"14,39,343","8,76,069",0.613,"3,00,586",0.343
Tenkasi,37,SC,Tamil Nadu,Dhanush.M.Kumar,Dravida Munetra Kazhagam,"14,72,742","10,65,569",0.733,"1,20,286",0.113
Tezpur,9,GEN,Assam,Pallab Lochan Das,Bharatiya Janta Party,"14,37,189","11,90,196",0.839,"2,42,841",0.204
Thane,25,GEN,Maharashtra,Rajan Baburao Vichare,Shiv Sena,"21,78,348","11,70,518",0.547,"4,12,145",0.352
Thanjavur,30,GEN,Tamil Nadu,"Palanimanickam,s.S.",Dravida Munetra Kazhagam,"14,43,417","10,59,223",0.744,"3,68,129",0.348
Theni,33,GEN,Tamil Nadu,"Raveendranath Kumar, P",All India Anna Dravida Munnetra Kazhagam,"18,00,597","11,73,489",0.658,76693,0.065
Thiruvallur,1,SC,Tamil Nadu,Dr.K.Jayakumar,Indian National Congress,"18,82,738","14,08,189",0.758,"3,56,955",0.253
Thiruvananthap,20,GEN,Kerala,Dr. Shashi Tharoor,Indian National Congress,"13,30,409","10,10,180",0.763,99989,0.099
Thoothukkudi,36,GEN,Tamil Nadu,Kanimozhi Karunanidhi,Dravida Munetra Kazhagam,"14,02,826","9,91,263",0.713,"3,47,209",0.35
Thrissur,10,GEN,Kerala,T. N. Prathapan,Indian National Congress,"12,68,671","10,41,869",0.825,93633,0.09
Tikamgarh,6,SC,Madhya Pradesh [2000 Onwards],Dr Virendra Kumar,Bharatiya Janta Party,"17,17,393","10,96,712",0.645,"3,48,059",0.317
Tiruchirappall,24,GEN,Tamil Nadu,Thirunavukkarasar. Su,Indian National Congress,"14,89,425","10,48,062",0.713,"4,59,286",0.438
Tirunelveli,38,GEN,Tamil Nadu,Gnanathiraviam S,Dravida Munetra Kazhagam,"15,26,692","10,39,761",0.688,"1,85,457",0.178
Tirupati,23,,Andhra Pradesh [2014 Onwards],Balli Durga Prasad Rao,Yuvajana Sramika Rythu Congress Party,"15,09,361","13,13,515",0.887,"2,28,376",0.174
Tiruppur,18,GEN,Tamil Nadu,"Subbarayan, K.",Communist Party Of India,"14,90,562","11,19,584",0.766,93368,0.083
Tiruvannamalai,11,GEN,Tamil Nadu,Annadurai C N,Dravida Munetra Kazhagam,"14,31,287","11,51,729",0.813,"3,04,187",0.264
Tonk-Sawai Mad,12,GEN,Rajasthan,Sukhbir Singh Jaunapuria,Bharatiya Janta Party,"18,93,418","12,33,458",0.656,"1,11,291",0.09
Tripura East,2,ST,Tripura,Rebati Tripura,Bharatiya Janta Party,"11,73,233","10,45,417",0.901,"2,04,290",0.195
Tripura West,1,GEN,Tripura,Pratima Bhoumik,Bharatiya Janta Party,"12,85,794","11,07,755",0.871,"3,05,689",0.276
Tumkur,19,GEN,Karnataka,G. S. Basavaraj,Bharatiya Janta Party,"15,84,884","12,44,858",0.792,13339,0.011
Tura,2,ST,Meghalaya,Agatha K. Sangma,National People's Party,"6,92,353","5,83,041",0.851,64030,0.11
Udaipur,19,ST,Rajasthan,Arjunlal Meena,Bharatiya Janta Party,"20,08,400","14,54,518",0.738,"4,37,914",0.301
Udhampur,5,,Jammu & Kashmir,Dr. Jitendra Singh,Bharatiya Janta Party,"14,90,244","11,80,123",0.797,"3,57,252",0.303
Udupi Chikmaga,15,GEN,Karnataka,Shobha Karandlaje,Bharatiya Janta Party,"14,95,439","11,51,012",0.775,"3,49,599",0.304
Ujiarpur,22,GEN,Bihar [2000 Onwards],Nityanand Rai,Bharatiya Janta Party,"15,88,209","9,69,284",0.619,"2,77,278",0.286
Ujjain,22,SC,Madhya Pradesh [2000 Onwards],Anil Firojiya,Bharatiya Janta Party,"16,24,122","12,52,511",0.778,"3,65,637",0.292
Uluberia,26,GEN,West Bengal,Sajda Ahmed,All India Trinamool Congress,"17,75,607","13,11,099",0.744,"2,15,359",0.164
Unnao,33,GEN,Uttar Pradesh [2000 Onwards],Swami Sakshi Ji Maharaj,Bharatiya Janta Party,"21,60,607","12,37,076",0.578,"4,00,956",0.324
Uttara Kannada,12,GEN,Karnataka,Anantkumar Hegde,Bharatiya Janta Party,"15,35,047","11,53,480",0.762,"4,79,649",0.416
Vadakara,3,GEN,Kerala,K. Muraleedharan,Indian National Congress,"12,07,556","10,65,619",0.885,84663,0.079
Vadodara,20,GEN,Gujarat,Ranjanben Bhatt,Bharatiya Janta Party,"17,07,484","12,22,348",0.726,"5,89,177",0.482
Vaishali,16,GEN,Bihar [2000 Onwards],Veena Devi (W/o Dinesh Prasad Singh),Lok Jan Shakti Party,"17,21,658","10,74,730",0.63,"2,34,584",0.218
Valmiki Nagar,1,GEN,Bihar [2000 Onwards],Baidyanath Prasad Mahto,Janata Dal (United),"16,41,701","10,32,090",0.65,"3,54,616",0.344
Valsad,26,ST,Gujarat,Dr.K.C.Patel,Bharatiya Janta Party,"16,28,352","12,60,377",0.786,"3,53,797",0.281
Varanasi,77,GEN,Uttar Pradesh [2000 Onwards],Narendra Modi,Bharatiya Janta Party,"17,84,093","10,60,476",0.597,"4,79,505",0.452
Vidisha,18,GEN,Madhya Pradesh [2000 Onwards],Ramakant Bhargava,Bharatiya Janta Party,"17,00,678","12,50,244",0.74,"5,03,084",0.402
Vijayawada,12,,Andhra Pradesh [2014 Onwards],Kesineni Srinivas (NANI),Telugu Desam,"13,62,762","12,77,711",0.944,8726,0.007
Viluppuram,13,SC,Tamil Nadu,Ravikumar D,Dravida Munetra Kazhagam,"14,00,389","11,35,540",0.819,"1,28,068",0.113
Virudhunagar,34,GEN,Tamil Nadu,"Manickam Tagore, B.",Indian National Congress,"14,61,240","10,74,735",0.747,"1,54,554",0.144
Visakhapatnam,4,,Andhra Pradesh [2014 Onwards],M V V Satyanarayana,Yuvajana Sramika Rythu Congress Party,"15,34,088","12,39,754",0.819,4414,0.004
Vizianagaram,3,,Andhra Pradesh [2014 Onwards],Bellana Chandra Sekhar,Yuvajana Sramika Rythu Congress Party,"13,80,455","12,17,890",0.904,48036,0.039
Warangal,15,SC,Telangana,Dayakar Pasunoori,Telangana Rashtra Samithi,"15,78,335","10,61,645",0.685,"3,50,298",0.33
Wardha,8,GEN,Maharashtra,Ramdas Chandrabhanji Tadas,Bharatiya Janta Party,"16,79,788","10,72,570",0.642,"1,87,191",0.175
Wayanad,4,GEN,Kerala,Rahul Gandhi,Indian National Congress,"13,06,141","10,92,197",0.838,"4,31,770",0.395
West Delhi,6,GEN,Delhi [1977 Onwards],Sant Prasad Sinha,Bharatiya Janta Party,"20,39,410","14,41,601",0.711,"5,78,486",0.401
Yavatmal-Washi,14,GEN,Maharashtra,Bhavana Pundlikrao Gawali,Shiv Sena,"18,12,059","11,74,220",0.65,"1,17,939",0.1
Zahirabad,5,GEN,Telangana,B.B.Patil,Telangana Rashtra Samithi,"14,11,026","10,44,365",0.748,6229,0.006
